Title,Company,Location,Link
"Full Stack Java Software Engineer,Vice President","JPMorgan Chase Bank, N.A.","Columbus, OH",https://stackoverflow.com/jobs/398671
PHP Developer,UniPartners IT-Services NV,"Vilvoorde, Belgium",https://stackoverflow.com/jobs/303824
Frontend Developer,UniPartners IT-Services NV,"Vilvoorde, Belgium",https://stackoverflow.com/jobs/303793
PHP Laravel Backend Developer 2-4yr for Fantasy Sport Games,MyExpert11 (Sportena Fantasy Pvt Ltd),"Noida, India",https://stackoverflow.com/jobs/399041
Backend Engineer,Mox Bank,Hong Kong,https://stackoverflow.com/jobs/391165
Frontend Engineer,Mox Bank,Hong Kong,https://stackoverflow.com/jobs/391161
Python Software Engineer - Data Engineering,"JPMorgan Chase Bank, N.A.","Chicago, IL",https://stackoverflow.com/jobs/398876
Java (Cloud Microservices) Software Engineer,"JPMorgan Chase Bank, N.A.","Plano, TX",https://stackoverflow.com/jobs/398862
Software Engineer,"JPMorgan Chase Bank, N.A.","Columbus, OH",https://stackoverflow.com/jobs/398852
Java Software Engineer,"JPMorgan Chase Bank, N.A.","Columbus, OH",https://stackoverflow.com/jobs/398851
Automation/Site Reliability Engineer Lead,"JPMorgan Chase Bank, N.A.","Columbus, OH",https://stackoverflow.com/jobs/398837
Java Software Engineering- Data Engineering,"JPMorgan Chase Bank, N.A.","Chicago, IL",https://stackoverflow.com/jobs/398822
Java (Microservices) Software Engineer,"JPMorgan Chase Bank, N.A.","Plano, TX",https://stackoverflow.com/jobs/398819
Data Engineering - Data Lake Developer/ Reliability Engineer/ Solution Architect,Goldman Sachs,"Stockholm, Sweden",https://stackoverflow.com/jobs/361347
"Senior PHP Developer - (DMARC, Domain Spoofing, Cyber)",Mimecast,"Hilversum, Netherlands",https://stackoverflow.com/jobs/390279
Sr Java Software Engineer,"JPMorgan Chase Bank, N.A.","Houston, TX",https://stackoverflow.com/jobs/398738
Java Software Engineer - REST/SOAP WebServices,"JPMorgan Chase Bank, N.A.","Plano, TX",https://stackoverflow.com/jobs/398731
Java (Microservices) Software Engineer,"JPMorgan Chase Bank, N.A.","Plano, TX",https://stackoverflow.com/jobs/398700
Core Java - Software Engineer,"JPMorgan Chase Bank, N.A.","Wilmington, DE",https://stackoverflow.com/jobs/398660
Java Spring - Software Engineer,"JPMorgan Chase Bank, N.A.","Wilmington, DE",https://stackoverflow.com/jobs/398618
Java Software Engineering Lead,"JPMorgan Chase Bank, N.A.","Columbus, OH",https://stackoverflow.com/jobs/398608
Software Engineer (Java),"JPMorgan Chase Bank, N.A.","Wilmington, DE",https://stackoverflow.com/jobs/398593
Site Reliability Engineer,"JPMorgan Chase Bank, N.A.","Plano, TX",https://stackoverflow.com/jobs/398582
Senior Scala Software Engineer - Data Engineering,"JPMorgan Chase Bank, N.A.","Chicago, IL",https://stackoverflow.com/jobs/398564
Software Engineer - Lead/Java,"JPMorgan Chase Bank, N.A.","Wilmington, DE",https://stackoverflow.com/jobs/398532
Java (Cloud Microservices) Software Engineer,"JPMorgan Chase Bank, N.A.","Plano, TX",https://stackoverflow.com/jobs/398462
Senior Java Software Engineer - Data Engineering,"JPMorgan Chase Bank, N.A.","Chicago, IL",https://stackoverflow.com/jobs/398526
Java Software Engineer,"JPMorgan Chase Bank, N.A.","Glasgow, UK",https://stackoverflow.com/jobs/398525
Java/J2EE Software Engineer,"JPMorgan Chase Bank, N.A.","Plano, TX",https://stackoverflow.com/jobs/398510
Lead Java Software Engineer,"JPMorgan Chase Bank, N.A.","Columbus, OH",https://stackoverflow.com/jobs/398508
Sr. Software Engineer,"JPMorgan Chase Bank, N.A.","Houston, TX",https://stackoverflow.com/jobs/398482
Senior Software Engineer - Microservices/APIs,"JPMorgan Chase Bank, N.A.","Plano, TX",https://stackoverflow.com/jobs/398470
リードエンジニア(データ分析),type転職エージェント,"Shinjuku City, Japan",https://stackoverflow.com/jobs/347817
《Go言語》サーバーサイドエンジニア,株式会社アイスタイル,"Minato City, Japan",https://stackoverflow.com/jobs/310030
Java Full Stack Developer,"JPMorgan Chase Bank, N.A.","Plano, TX",https://stackoverflow.com/jobs/398457
Java Software Engineering,"JPMorgan Chase Bank, N.A.","Wilmington, DE",https://stackoverflow.com/jobs/398408
Java Software Engineer,"JPMorgan Chase Bank, N.A.","Columbus, OH",https://stackoverflow.com/jobs/398394
TYPO3 Developer Jobs,AxisTechnoLab,"Ahmedabad, India",https://stackoverflow.com/jobs/381100
218 「 次世代プラットフォーム開発プロジェクト フロントエ...,合同会社DMMGAMES,"Minato City, Japan",https://stackoverflow.com/jobs/398284
アプリケーションエンジニア,株式会社アイスタイル,"Minato City, Japan",https://stackoverflow.com/jobs/392702
サーバ・ネットワークエンジニア,SO Technologies株式会社,"Chiyoda City, Japan",https://stackoverflow.com/jobs/398262
Java Software Engineer,"JPMorgan Chase Bank, N.A.","Columbus, OH",https://stackoverflow.com/jobs/398183
Senior Backend Engineer (f/m/d) - Madrid,Personio,"Madrid, Spain",https://stackoverflow.com/jobs/294818
JAVA SENIOR SOFTWARE ENGINEER CLOUD (M/W),adesso Schweiz AG,"Bern, Switzerland",https://stackoverflow.com/jobs/398134
"Tech Lead with PHP (m/f) - Warsaw, Poland",Westwing Home & Living,"Warschau, Polen",https://stackoverflow.com/jobs/390712
"JAVA ENTWICKLER (m/w/d) in Wolfsburg, Hannover und Dortmund [german mandatory]",BWS Consulting Group GmbH,"Wolfsburg, Deutschland",https://stackoverflow.com/jobs/314578
Java Software Engineer,finnova AG Bankware,"Lenzburg, Switzerland",https://stackoverflow.com/jobs/398061
Senior Software Developer @ MAN Digital Hub,Volkswagen Digital Solutions,"Lisboa, Portugal",https://stackoverflow.com/jobs/398056
Backend Software Engineer Java (m/f/d),creditshelf,"Berlin, Deutschland",https://stackoverflow.com/jobs/347032
(Senior) Backend Engineer,Oetker Digital GmbH,"Berlin, Deutschland",https://stackoverflow.com/jobs/390258
Lead Java Software Engineer,Federal Hill Consulting,"Rockville, MD",https://stackoverflow.com/jobs/278283
Platform API Backend Developer - Bratislava (m/f/d),Greentube Internet Entertainment Solutions GmbH,"Staré Mesto, Slovakia",https://stackoverflow.com/jobs/397620
Mid-Lvl / Senior Backend Engineer .NET in eCommerce,Durstexpress GmbH,"Berlin, Germany",https://stackoverflow.com/jobs/364909
Back-end Developer (.Net),Grand Parade,"Kraków, Poland",https://stackoverflow.com/jobs/397518
基盤開発スクラムチームエンジニア(テックリード候補),合同会社DMM.com,"Minato City, Japan",https://stackoverflow.com/jobs/319378
サーバサイドエンジニア(リードエンジニア),株式会社アドウェイズ,"Shinjuku City, Japan",https://stackoverflow.com/jobs/313276
Tech lead,Evolve Medical Solutions,"Centurion, South Africa",https://stackoverflow.com/jobs/312866
フルスタックエンジニア,WHILL株式会社,"Takamatsu, Japan",https://stackoverflow.com/jobs/379790
シニアサーバーサイドエンジニア / コンテンツ販売プラットフォーム / LINE platform,LINE株式会社,"Shinjuku City, Japan",https://stackoverflow.com/jobs/309656
Systems Development Engineer 3,WELLS FARGO BANK,"Hyderabad, India",https://stackoverflow.com/jobs/397137
GraphQL TypeScript API Engineer - Salary well above market rate,DeepCrawl,"London, UK",https://stackoverflow.com/jobs/346408
(Senior) Software Engineer (w/m/d),Fielmann AG,"Hamburg, Deutschland",https://stackoverflow.com/jobs/333759
Senior Fullstack Engineer at fast-growing Multi-Cloud Startup,Meshcloud GmbH,"Frankfurt am Main, Deutschland",https://stackoverflow.com/jobs/156677
Software Developer,Ascension,"Austin, TX",https://stackoverflow.com/jobs/370921
Webエンジニア(SaaS事業),アイスタイルグループ,"Minato City, Japan",https://stackoverflow.com/jobs/378911
Site Reliability Engineer / コンテンツ販売プラットフォーム / LINE platform,LINE株式会社,"Shinjuku City, Japan",https://stackoverflow.com/jobs/309654
サーバサイドエンジニア,ソウルドアウト株式会社,"Chiyoda City, Japan",https://stackoverflow.com/jobs/378642
Senior Developer,HR Networks,"Chennai, India",https://stackoverflow.com/jobs/396855
Senior Python Engineer (d/f/m),Stylight,"München, Deutschland",https://stackoverflow.com/jobs/279406
Systems Development Engineer 4,WELLS FARGO BANK,"Hyderabad, India",https://stackoverflow.com/jobs/396753
Software Engineer,Advantum Health,"Hyderabad, India",https://stackoverflow.com/jobs/358056
エンジニア/システムインテグレータ・ソフトハウス,株式会社 GxP,"Shinjuku City, Japan",https://stackoverflow.com/jobs/380853
"Software architect/Principal Engineer, Front End",Docler Holding,Luxembourg,https://stackoverflow.com/jobs/396584
Senior Software Engineer (Elixir) (m/f/d),MEDWING GmbH,"Berlin, Germany",https://stackoverflow.com/jobs/357882
Technical Architect,MoteefeviaSpinks,"Lisbon, Portugal",https://stackoverflow.com/jobs/388331
(Senior) Software Developer (m/w/d),Just Spices GmbH,"Düsseldorf, Deutschland",https://stackoverflow.com/jobs/381312
ソフトウェアエンジニア(ポジションサーチ)・日本最大級BtoBオンラインストア(東証一部上場),ヒューレックス株式会社,"Osaka, Japan",https://stackoverflow.com/jobs/315447
Java Developer,"Stebr, Inc","Hyderabad, India",https://stackoverflow.com/jobs/396417
Application Security Consultant (m/w/d),grandcentrix GmbH,"Köln, Deutschland",https://stackoverflow.com/jobs/388309
Opportunity for a Microservices Senior Dev to write consistent code; eventually,Ascent Software,"Luqa, Malta",https://stackoverflow.com/jobs/396269
ソフトウェアエンジニア(新規事業開発),type転職エージェント,"Shibuya City, Japan",https://stackoverflow.com/jobs/396169
"Software Engineer - PHP (Remote, USA)",Research Square,No office location,https://stackoverflow.com/jobs/387956
ソフトウェアエンジニア (サーバーサイド),株式会社MonotaRO,"Minato City, Japan",https://stackoverflow.com/jobs/309548
Software Engineer Automation QA,SG Digital,"London, UK",https://stackoverflow.com/jobs/278465
Software Engineer Automation QA,SG Digital,"London, UK",https://stackoverflow.com/jobs/278464
Java Entwickler/Analysten (m/w/d),Thalia Bücher GmbH,"Münster, Deutschland",https://stackoverflow.com/jobs/396051
"Principal Engineer (Tech Lead), APAC",foodpanda,Singapore,https://stackoverflow.com/jobs/308651
サーバサイドエンジニア(Railsエンジニア) / インターネット/Webサービス・ASP,ルームクリップ 株式会社,"Shibuya City, Japan",https://stackoverflow.com/jobs/318322
Full-Stack Software Developer,Ascension,"Austin, TX",https://stackoverflow.com/jobs/355865
Java Architect / Technical Lead,ELCA Informatique SA,,https://stackoverflow.com/jobs/395712
サーバサイドエンジニア,株式会社マイクロアド,"Shibuya City, Japan",https://stackoverflow.com/jobs/377429
TYPO3 Developer,Drc Infotech,"Surat, India",https://stackoverflow.com/jobs/393745
Java Senior Software Engineer - St. Gallen,Adcubum AG,"St. Gallen, Switzerland",https://stackoverflow.com/jobs/395483
Rubyエンジニア / インターネット/Webサービス・ASP,株式会社 LegalForce,"Chiyoda City, Japan",https://stackoverflow.com/jobs/337341
Software Solutions Architect,Ascension,"St. Louis, MO",https://stackoverflow.com/jobs/368266
Software Developer,Centiro,"Pune, India",https://stackoverflow.com/jobs/337724
Microservices Developer,Triangle Global,"Pune, India",https://stackoverflow.com/jobs/368234
Inspiart(楽曲制作・流通)事業 アプリケーションエンジニア,株式会社EYS-STYLE,"Chuo City, Japan",https://stackoverflow.com/jobs/329289
Senior Software Engineer – Payments,Hipcamp,"San Francisco, CA",https://stackoverflow.com/jobs/307779
Senior Java Developer,Ascension,"St. Louis, MO",https://stackoverflow.com/jobs/354461
Software Developer (Full-Stack),Ascension,"St. Louis, MO",https://stackoverflow.com/jobs/393514
PRINCIPAL DEVELOPER,AOviaMRJ Recruitment,"Manchester, UK",https://stackoverflow.com/jobs/394865
リードエンジニア,アイスタイルグループ,"Minato City, Japan",https://stackoverflow.com/jobs/367374
"Manager, Engineering (Billing Team)",BigCommerce,"Austin, TX",https://stackoverflow.com/jobs/394506
Senior .Net Developer / Microservices and DDD,Suitsupply,"Amsterdam, Netherlands",https://stackoverflow.com/jobs/353644
アプリケーションエンジニア(SaaS事業) / インターネット/Webサービス・ASP,株式会社 アイスタイル,"Minato City, Japan",https://stackoverflow.com/jobs/379420
Webアプリケーションエンジニア / インターネット/Webサービス・ASP,株式会社 FORCAS,"Minato City, Japan",https://stackoverflow.com/jobs/331040
Rubyエンジニア(研究開発チーム) / インターネット/Webサービス・ASP,株式会社 LegalForce,"Chiyoda City, Japan",https://stackoverflow.com/jobs/336265
ソフトウェアエンジニア(Backend)/ Go言語 / インターネット/Webサービス・ASP,MF KESSAI 株式会社,"Chiyoda City, Japan",https://stackoverflow.com/jobs/310177
"ソフトウェアエンジニア(フロントエンド)/ Vue, Nuxt / インターネット/Webサービス・ASP",MF KESSAI 株式会社,"Chiyoda City, Japan",https://stackoverflow.com/jobs/310176
Goエンジニア / インターネット/Webサービス・ASP,株式会社 ZEALS,"Shinagawa City, Japan",https://stackoverflow.com/jobs/310170
Senior Software Engineer (PHP),PSP Media,No office location,https://stackoverflow.com/jobs/316000
Backend Developer,Ascension,"Chicago, IL",https://stackoverflow.com/jobs/386134
Senior Software Engineer,Ascension,"Chicago, IL",https://stackoverflow.com/jobs/386133
PHP developer (medior en senior),Freshheads,"Tilburg, Netherlands",https://stackoverflow.com/jobs/366568
PHP-/Javascript-Entwickler mit einem Faible für Datenprozesse (w/m/d),Publicare Marketing Communications GmbH,"Frankfurt am Main, Deutschland",https://stackoverflow.com/jobs/287513
サーバーサイドエンジニア(Go),アイスタイルグループ,"Minato City, Japan",https://stackoverflow.com/jobs/366343
プロジェクトマネージャー,リファレンス株式会社,"Shinjuku City, Japan",https://stackoverflow.com/jobs/315877
PHP Laravel Backend Developer 2-4yr exp for fantasy sports gaming,MyExpert11 (Sportena Fantasy Pvt Ltd),"Bengaluru, India",https://stackoverflow.com/jobs/393989
Java Backend Developer,Triangle Global,"Pune, India",https://stackoverflow.com/jobs/327210
Windows based Developer and .NET Full Stack with Azure,technosoft corporation,"Bengaluru, India",https://stackoverflow.com/jobs/324080
Salesforce Engineer - Apex / Lightning (m/f/d),ProSiebenSat.1 Media SE,"München, Deutschland",https://stackoverflow.com/jobs/393521
Agile Produktentwicklung in Köln – Lerne Studitemps kennen,Studitemps,"Köln, Germany",https://stackoverflow.com/jobs/393251
"Software development engineer (WCF/WPF), Product Development",2020 Imaging Ltd.,"Mumbai, India",https://stackoverflow.com/jobs/385343
Dotnet Core,technosoft corporation,"Bengaluru, India",https://stackoverflow.com/jobs/352369
Senior Test Engineer (m/w/d) / Flights,Invia Group,"Chemnitz, Deutschland",https://stackoverflow.com/jobs/347630
Principal Software Engineer,Citizens Bank,"Boston, MA",https://stackoverflow.com/jobs/374590
ソフトウェアエンジニア(新規事業開発),レバレジーズ株式会社,"Shibuya City, Japan",https://stackoverflow.com/jobs/393197
"Sr Software Engineer - C#.NET, Azure, Kubernetes, Healthcare IT",Avenel - An Allscripts Solution,"Chicago, IL",https://stackoverflow.com/jobs/290339
Full Stack .NET Developer,emaratech FZ LLC,"Dubai, United Arab Emirates",https://stackoverflow.com/jobs/374366
Full Stack .NET Web Developer,Outreach Inc,"Colorado Springs, CO",https://stackoverflow.com/jobs/364884
サーバサイドエンジニア(ATOM/ライクル) / Webマーケティング・ネット広告,SO Technologies 株式会社,"Chiyoda City, Japan",https://stackoverflow.com/jobs/317537
バックエンドエンジニア【最先端の技術環境です】,株式会社ジオロジック,"Shibuya City, Japan",https://stackoverflow.com/jobs/393149
バックエンドエンジニア,りらいあデジタル株式会社,"Shinjuku City, Japan",https://stackoverflow.com/jobs/351503
Software Developer (Full-Stack),Ascension,"St. Louis, MO",https://stackoverflow.com/jobs/373870
Senior Backend Engineer (m/w/d),Personio,"München, Germany",https://stackoverflow.com/jobs/273941
Software Developer Engineer Test (SDET),Ascension,"Chicago, IL",https://stackoverflow.com/jobs/392985
Technical Lead Engineer,additiv AG,"Zürich, Switzerland",https://stackoverflow.com/jobs/351218
C# Engineer,Trailstone GmbH,"Berlin, Germany",https://stackoverflow.com/jobs/378515
Senior iOS Developer (m/w/d),grandcentrix GmbH,"Köln, Deutschland",https://stackoverflow.com/jobs/339702
Senior Android Developer (m/w/d),grandcentrix GmbH,"Köln, Deutschland",https://stackoverflow.com/jobs/339698
データエンジニア,type転職エージェント,"Shinjuku City, Japan",https://stackoverflow.com/jobs/350663
"** Expert Software Engineer - C#, Azure, Healthcare IT **",Avenel - An Allscripts Solution,"Litchfield, IL",https://stackoverflow.com/jobs/296945
"Senior Full Stack Engineer (multiple openings) - Remote, USA ONLY",SocialChorus,No office location,https://stackoverflow.com/jobs/371379
Senior Java Developer,SG Digital,"London, UK",https://stackoverflow.com/jobs/282456
エンジニアマネージャ,株式会社アドウェイズ,"Shinjuku City, Japan",https://stackoverflow.com/jobs/311470
フロントエンドエンジニア(AngularJS 、React、Vue.js),MF KESSAI株式会社,"Chiyoda City, Japan",https://stackoverflow.com/jobs/338587
Senior C# Developer,Evolve Medical Solutions,"Centurion, South Africa",https://stackoverflow.com/jobs/282231
Solution Architect,Citizens Bank,"Providence, RI",https://stackoverflow.com/jobs/391699
TypeScript Engineer,Royce Corporation,"Aventura, FL",https://stackoverflow.com/jobs/372372
Full Stack Web Developer (m/w/d),EyeC GmbH,"Hamburg, Deutschland",https://stackoverflow.com/jobs/322237
Software Engineer (Data Products),Centre for Strategic Infocomm Technologies (CSIT),Singapore,https://stackoverflow.com/jobs/391653
Mobile Application Developer and Architect,Daugherty Business Solutions,"Creve Coeur, MO",https://stackoverflow.com/jobs/382531
Développeur .NET,albelli,"Nanteuil-le-Haudouin, France",https://stackoverflow.com/jobs/372788
Back-End TypeScript developer,vestr,"Lviv, Ukraine",https://stackoverflow.com/jobs/361932
Full Stack Developer,Gyansys Infotech Private Limited,"Bengaluru, India",https://stackoverflow.com/jobs/379802
Senior Android Developer,Grid Logic Software Private Limited,"Hyderabad, India",https://stackoverflow.com/jobs/332356
"(Sen.) Backend Engineer at Stocard - The Mobile Wallet, 50 mio users (full-time)",Stocard GmbH,"Mannheim, Germany",https://stackoverflow.com/jobs/170382
